option,text
BPC package,"<h4>Bipartisan Policy Center package</h4><p>Annual PIA, limit spousal benefits, replace the WEP and GPO with a proportional reduction in OASI benefits based on covered earnings, enhance survivor benefits, increase the progressivity of the benefit formula, increase Social Security tax max to $195,000, payroll tax to 13.4% and FRA to 69, switch to C-CPI-U for COLAs, end 'claim-and-suspend' games, create a basic minimum benefit for all individuals above the FRA eligible for Social Security, and tax 100 percent of Social Security benefits for beneficiaries with annual incomes above $250,000.</p>"
Scheduled law,"<p><h4>Scheduled law</h4>Assumes that current public policies, business practices, and individual behaviors continue, and that Social Security benefits are paid as promised, even after the trust fund runs out.</p>"
Payable law,"<p><h4>Payable law</h4>Assumes that current public policies, business practices, and individual behaviors continue, but reduces Social Security benefits by a uniform amount after the trust fund runs out so that all benefits in each year can be paid out of revenues from that year. </p>"
RothIRA2,"<h4>RothIRA2</h4>

<p>The <strong>RothIRA</strong> series all model pension reforms that include an employer mandate for firms that do not currently provide pension coverage to workers. These mandated employer plans (MEP) do not include employer contributions and include automatic enrollment. Investments are made in after-tax dollars and paid out tax free. The following scenarios vary the minimum firm size, the default contribution amount, the assumed share of workers that choose the default investment, whether they include auto escalation, and various other provisions including reenrollment, cash-out restrictions, contribution limits, and investment portfolio limits. </p>

<p>The <strong>RothIRA2</strong> series all assume a 3 percent default contribution rate. </p>

<ul>
<li>Beginning in 2020, mandate Roth-IRA plan with automatic enrollment and 3% default investment in Target Date Plan.</li>
<li>60% of MEP participants take default. </li>
<li>Firms with 10 or more workers.</li>
<li>Apply Roth AGI limits.</li>
<li>Apply Roth contribution limits.</li>
</ul>"
RothIRA2allpart,"<h4>RothIRA2allpart</h4>

<p>The <strong>RothIRA</strong> series all model pension reforms that include an employer mandate for firms that do not currently provide pension coverage to workers. These mandated employer plans (MEP) do not include employer contributions and include automatic enrollment. Investments are made in after-tax dollars and paid out tax free. The following scenarios vary the minimum firm size, the default contribution amount, the assumed share of workers that choose the default investment, whether they include auto escalation, and various other provisions including reenrollment, cash-out restrictions, contribution limits, and investment portfolio limits. </p>

<p>The <strong>RothIRA2</strong> series all assume a 3 percent default contribution rate.</p>

<ul>
<li>Beginning in 2020, mandate Roth-IRA plan with automatic enrollment and 3% default investment in Target Date Plan.</li>
<li>60% of MEP participants take default. </li>
<li>Firms with 10 or more workers.</li>
<li>Apply Roth AGI limits.</li>
<li>Apply Roth contribution limits.</li>
<li>No cashouts for MEP plans.</li>
<li>Force DC participation for MEP candidates.</li>
</ul>"
RothIRA2b,"<h4>RothIRA2b</h4>

<p>The <strong>RothIRA</strong> series all model pension reforms that include an employer mandate for firms that do not currently provide pension coverage to workers. These mandated employer plans (MEP) do not include employer contributions and include automatic enrollment. Investments are made in after-tax dollars and paid out tax free. The following scenarios vary the minimum firm size, the default contribution amount, the assumed share of workers that choose the default investment, whether they include auto escalation, and various other provisions including reenrollment, cash-out restrictions, contribution limits, and investment portfolio limits. </p>

<p>The <strong>RothIRA2</strong> series all assume a 3 percent default contribution rate.</p>

<ul>
<li>Beginning in 2020, mandate Roth-IRA plan with automatic enrollment and 3% default investment in Target Date Plan.</li>
<li>90% of participants take default.</li>
<li>Firms with 10 or more workers.</li>
<li>Apply Roth AGI limits.</li>
<li>Apply Roth contribution limits.</li>
</ul>"
RothIRA2c,"<h4>RothIRA2c</h4>

<p>The <strong>RothIRA</strong> series all model pension reforms that include an employer mandate for firms that do not currently provide pension coverage to workers. These mandated employer plans (MEP) do not include employer contributions and include automatic enrollment. Investments are made in after-tax dollars and paid out tax free. The following scenarios vary the minimum firm size, the default contribution amount, the assumed share of workers that choose the default investment, whether they include auto escalation, and various other provisions including reenrollment, cash-out restrictions, contribution limits, and investment portfolio limits. </p>

<p>The <strong>RothIRA2</strong> series all assume a 3 percent default contribution rate.</p>

<ul>
<li>Beginning in 2020, mandate Roth-IRA plan with automatic enrollment and 3% default investment in Target Date Plan.</li>
<li>60% of MEP participants take default.</li>
<li>Firms with 1 or more workers.</li>
<li>Apply Roth AGI limits.</li>
<li>Apply Roth contribution limits.</li>
</ul>"
RothIRA2d,"<h4>RothIRA2d</h4>

<p>The <strong>RothIRA</strong> series all model pension reforms that include an employer mandate for firms that do not currently provide pension coverage to workers. These mandated employer plans (MEP) do not include employer contributions and include automatic enrollment. Investments are made in after-tax dollars and paid out tax free. The following scenarios vary the minimum firm size, the default contribution amount, the assumed share of workers that choose the default investment, whether they include auto escalation, and various other provisions including reenrollment, cash-out restrictions, contribution limits, and investment portfolio limits. </p>

<p>The <strong>RothIRA2</strong> series all assume a 3 percent default contribution rate.</p>

<ul>
<li>Beginning in 2020, mandate Roth-IRA plan with automatic enrollment and 3% default investment in Target Date Plan.</li>
<li>60% of MEP participants take default.</li>
<li>Firms with 25 or more workers.</li>
<li>Apply Roth AGI limits.</li>
<li>Apply Roth contribution limits.</li>
</ul>"
RothIRA2e,"<h4>RothIRA2e</h4>

<p>The <strong>RothIRA</strong> series all model pension reforms that include an employer mandate for firms that do not currently provide pension coverage to workers. These mandated employer plans (MEP) do not include employer contributions and include automatic enrollment. Investments are made in after-tax dollars and paid out tax free. The following scenarios vary the minimum firm size, the default contribution amount, the assumed share of workers that choose the default investment, whether they include auto escalation, and various other provisions including reenrollment, cash-out restrictions, contribution limits, and investment portfolio limits. </p>

<p>The <strong>RothIRA2</strong> series all assume a 3 percent default contribution rate.</p>

<ul>
<li>Beginning in 2020, mandate Roth-IRA plan with automatic enrollment and 3% default investment in Target Date Plan.</li>
<li>90% of MEP participants take default.</li>
<li>Firms with 25 or more workers.</li>
<li>Apply Roth AGI limits.</li>
<li>Apply Roth contribution limits.</li>
</ul>"
RothIRA2f,"<h4>RothIRA2f</h4>

<p>The <strong>RothIRA</strong> series all model pension reforms that include an employer mandate for firms that do not currently provide pension coverage to workers. These mandated employer plans (MEP) do not include employer contributions and include automatic enrollment. Investments are made in after-tax dollars and paid out tax free. The following scenarios vary the minimum firm size, the default contribution amount, the assumed share of workers that choose the default investment, whether they include auto escalation, and various other provisions including reenrollment, cash-out restrictions, contribution limits, and investment portfolio limits. </p>

<p>The <strong>RothIRA2</strong> series all assume a 3 percent default contribution rate.</p>

<ul>
<li>Beginning in 2020, mandate Roth-IRA plan with automatic enrollment and 3% default investment in TSP G fund</li>
<li>90% of MEP participants take default.</li>
<li>Firms with 25 or more workers.</li>
<li>Apply Roth AGI limits.</li>
<li>Apply Roth contribution limits.</li>
</ul>"
RothIRA2g,"<h4>RothIRA2g</h4>

<p>The <strong>RothIRA</strong> series all model pension reforms that include an employer mandate for firms that do not currently provide pension coverage to workers. These mandated employer plans (MEP) do not include employer contributions and include automatic enrollment. Investments are made in after-tax dollars and paid out tax free. The following scenarios vary the minimum firm size, the default contribution amount, the assumed share of workers that choose the default investment, whether they include auto escalation, and various other provisions including reenrollment, cash-out restrictions, contribution limits, and investment portfolio limits. </p>

<p>The <strong>RothIRA2</strong> series all assume a 3 percent default contribution rate.</p>

<ul>
<li>Beginning in 2020, mandate Roth-IRA plan with automatic enrollment and 3% default investment in Target Date Plan</li>
<li>60% of MEP participants take default.</li>
<li>Firms with 10 or more workers. </li>
<li>NO Roth AGI limits.</li>
<li>Use 401k contribution limits</li>
</ul>"
RothIRA2nocashout,"<h4>RothIRA2nocashout</h4>

<p>The <strong>RothIRA</strong> series all model pension reforms that include an employer mandate for firms that do not currently provide pension coverage to workers. These mandated employer plans (MEP) do not include employer contributions and include automatic enrollment. Investments are made in after-tax dollars and paid out tax free. The following scenarios vary the minimum firm size, the default contribution amount, the assumed share of workers that choose the default investment, whether they include auto escalation, and various other provisions including reenrollment, cash-out restrictions, contribution limits, and investment portfolio limits. </p>

<p>The <strong>RothIRA2</strong> series all assume a 3 percent default contribution rate.</p>

<ul>
<li>Beginning in 2020, mandate Roth-IRA plan with automatic enrollment and 3% default investment in Target Date Plan. </li>
<li>60% of MEP participants take default. </li>
<li>Firms with 10 or more workers. </li>
<li>Apply Roth AGI limits. </li>
<li>Apply Roth contribution limits.</li>
<li>No cashouts from MEP plans.</li>
</ul>"
RothIRA2reenroll,"<p>The <strong>RothIRA</strong> series all model pension reforms that include an employer mandate for firms that do not currently provide pension coverage to workers. These mandated employer plans (MEP) do not include employer contributions and include automatic enrollment. Investments are made in after-tax dollars and paid out tax free. The following scenarios vary the minimum firm size, the default contribution amount, the assumed share of workers that choose the default investment, whether they include auto escalation, and various other provisions including reenrollment, cash-out restrictions, contribution limits, and investment portfolio limits. </p>

<p>The <strong>RothIRA2</strong> series all assume a 3 percent default contribution rate.</p>

<ul>
<li>Beginning in 2020, mandate Roth-IRA plan with automatic enrollment and 3% default investment in Target Date Plan. </li>
<li>60% of MEP participants take default. </li>
<li>Firms with 10 or more workers. </li>
<li>Apply Roth AGI limits. </li>
<li>Apply Roth contribution limits.</li>
<li>Automatically reenroll workers annually.</li>
</ul>"
RothIRA3,"<h4>RothIRA3</h4>

<p>The <strong>RothIRA</strong> series all model pension reforms that include an employer mandate for firms that do not currently provide pension coverage to workers. These mandated employer plans (MEP) do not include employer contributions and include automatic enrollment. Investments are made in after-tax dollars and paid out tax free. The following scenarios vary the minimum firm size, the default contribution amount, the assumed share of workers that choose the default investment, whether they include auto escalation, and various other provisions including reenrollment, cash-out restrictions, contribution limits, and investment portfolio limits. </p>

<p>The <strong>RothIRA3</strong> series all assume a 5 percent default contribution rate. </p>

<ul>
<li>Beginning in 2020, mandate Roth-IRA plan with automatic enrollment and 5% default investment in Target Date Plan. </li>
<li>60% of MEP participants take default. </li>
<li>Firms with 10 or more workers. </li>
<li>Apply Roth AGI limits.</li>
<li>Apply Roth contribution limits.</li>
</ul>"
RothIRA3b,"<h4>RothIRA3b</h4>

<p>The <strong>RothIRA</strong> series all model pension reforms that include an employer mandate for firms that do not currently provide pension coverage to workers. These mandated employer plans (MEP) do not include employer contributions and include automatic enrollment. Investments are made in after-tax dollars and paid out tax free. The following scenarios vary the minimum firm size, the default contribution amount, the assumed share of workers that choose the default investment, whether they include auto escalation, and various other provisions including reenrollment, cash-out restrictions, contribution limits, and investment portfolio limits. </p>

<p>The <strong>RothIRA3</strong> series all assume a 5 percent default contribution rate. </p>

<ul>
<li>Beginning in 2020, mandate Roth-IRA plan with automatic enrollment and 5% default investment in Target Date Plan. </li>
<li>90% of MEP participants take default. </li>
<li>Firms with 10 or more workers. </li>
<li>Apply Roth AGI limits.</li>
<li>Apply Roth contribution limits.</li>
</ul>"
RothIRA3c,"<h4>RothIRA3c</h4>

<p>The <strong>RothIRA</strong> series all model pension reforms that include an employer mandate for firms that do not currently provide pension coverage to workers. These mandated employer plans (MEP) do not include employer contributions and include automatic enrollment. Investments are made in after-tax dollars and paid out tax free. The following scenarios vary the minimum firm size, the default contribution amount, the assumed share of workers that choose the default investment, whether they include auto escalation, and various other provisions including reenrollment, cash-out restrictions, contribution limits, and investment portfolio limits. </p>

<p>The <strong>RothIRA3</strong> series all assume a 5 percent default contribution rate. </p>

<ul>
<li>Beginning in 2020, mandate Roth-IRA plan with automatic enrollment and 5% default investment in Target Date Plan. </li>
<li>60% of MEP participants take default. </li>
<li>Firms with 1 or more workers. </li>
<li>Apply Roth AGI limits.</li>
<li>Apply Roth contribution limits.</li>
</ul>"
RothIRA3d,"<h4>RothIRA3d</h4>

<p>The <strong>RothIRA</strong> series all model pension reforms that include an employer mandate for firms that do not currently provide pension coverage to workers. These mandated employer plans (MEP) do not include employer contributions and include automatic enrollment. Investments are made in after-tax dollars and paid out tax free. The following scenarios vary the minimum firm size, the default contribution amount, the assumed share of workers that choose the default investment, whether they include auto escalation, and various other provisions including reenrollment, cash-out restrictions, contribution limits, and investment portfolio limits. </p>

<p>The <strong>RothIRA3</strong> series all assume a 5 percent default contribution rate. </p>

<ul>
<li>Beginning in 2020, mandate Roth-IRA plan with automatic enrollment and 6% default investment in Target Date Plan. </li>
<li>60% of MEP participants take default. </li>
<li>Firms with 25 or more workers. </li>
<li>Apply Roth AGI limits.</li>
<li>Apply Roth contribution limits.</li>
</ul>"
RothIRA4,"<h4>RothIRA4</h4>

<p>The <strong>RothIRA</strong> series all model pension reforms that include an employer mandate for firms that do not currently provide pension coverage to workers. These mandated employer plans (MEP) do not include employer contributions and include automatic enrollment. Investments are made in after-tax dollars and paid out tax free. The following scenarios vary the minimum firm size, the default contribution amount, the assumed share of workers that choose the default investment, whether they include auto escalation, and various other provisions including reenrollment, cash-out restrictions, contribution limits, and investment portfolio limits. </p>

<p>The <strong>RothIRA4</strong> series all assume a 3 percent default contribution rate that automatically escalates one percentage point per year up to 10 percent.</p>

<ul>
<li>Beginning in 2020, mandate Roth-IRA plan with automatic enrollment and 3% default investment in Target Date Plan. </li>
<li>Autoescalate to 10%.</li>
<li>60% of MEP participants take default. </li>
<li>Firms with 10 or more workers. </li>
<li>Apply Roth AGI limits.</li>
<li>Apply Roth contribution limits.</li>
</ul>"
RothIRA4b,"<h4>RothIRA4b</h4>

<p>The <strong>RothIRA</strong> series all model pension reforms that include an employer mandate for firms that do not currently provide pension coverage to workers. These mandated employer plans (MEP) do not include employer contributions and include automatic enrollment. Investments are made in after-tax dollars and paid out tax free. The following scenarios vary the minimum firm size, the default contribution amount, the assumed share of workers that choose the default investment, whether they include auto escalation, and various other provisions including reenrollment, cash-out restrictions, contribution limits, and investment portfolio limits. </p>

<p>The <strong>RothIRA4</strong> series all assume a 3 percent default contribution rate that automatically escalates one percentage point per year up to 10 percent.</p>

<ul>
<li>Beginning in 2020, mandate Roth-IRA plan with automatic enrollment and 3% default investment in Target Date Plan. </li>
<li>Autoescalate to 10%. </li>
<li>90% of MEP participants take default. </li>
<li>Firms with 10 or more workers. </li>
<li>Apply Roth AGI limits.</li>
<li>Apply Roth contribution limits.</li>
</ul>"
RothIRA4c,"<h4>RothIRA4c</h4>

<p>The <strong>RothIRA</strong> series all model pension reforms that include an employer mandate for firms that do not currently provide pension coverage to workers. These mandated employer plans (MEP) do not include employer contributions and include automatic enrollment. Investments are made in after-tax dollars and paid out tax free. The following scenarios vary the minimum firm size, the default contribution amount, the assumed share of workers that choose the default investment, whether they include auto escalation, and various other provisions including reenrollment, cash-out restrictions, contribution limits, and investment portfolio limits. </p>

<p>The <strong>RothIRA4</strong> series all assume a 3 percent default contribution rate that automatically escalates one percentage point per year up to 10 percent.</p>

<ul>
<li>Beginning in 2020, mandate Roth-IRA plan with automatic enrollment and 3% default investment in Target Date Plan. </li>
<li>Autoescalate to 10%. </li>
<li>60% of MEP participants take default. </li>
<li>Firms with 1 or more workers. </li>
<li>Apply Roth AGI limits.</li>
<li>Apply Roth contribution limits.</li>
</ul>"
RothIRA4d,"<h4>RothIRA4d</h4>

<p>The <strong>RothIRA</strong> series all model pension reforms that include an employer mandate for firms that do not currently provide pension coverage to workers. These mandated employer plans (MEP) do not include employer contributions and include automatic enrollment. Investments are made in after-tax dollars and paid out tax free. The following scenarios vary the minimum firm size, the default contribution amount, the assumed share of workers that choose the default investment, whether they include auto escalation, and various other provisions including reenrollment, cash-out restrictions, contribution limits, and investment portfolio limits. </p>

<p>The <strong>RothIRA4</strong> series all assume a 3 percent default contribution rate that automatically escalates one percentage point per year up to 10 percent.</p>

<ul>
<li>Beginning in 2020, mandate Roth-IRA plan with automatic enrollment and 3% default investment in Target Date Plan. </li>
<li>Autoescalate to 10%. </li>
<li>90% of MEP participants take default. </li>
<li>Firms with 25 or more workers. </li>
<li>Apply Roth AGI limits.</li>
<li>Apply Roth contribution limits.</li>
</ul>"
RothIRAHighLimits,"<h4>RothIRAHighLimits</h4>

<p>The <strong>RothIRA</strong> series all model pension reforms that include an employer mandate for firms that do not currently provide pension coverage to workers. These mandated employer plans (MEP) do not include employer contributions and include automatic enrollment. Investments are made in after-tax dollars and paid out tax free. The following scenarios vary the minimum firm size, the default contribution amount, the assumed share of workers that choose the default investment, whether they include auto escalation, and various other provisions including reenrollment, cash-out restrictions, contribution limits, and investment portfolio limits. </p>

<p>The <strong>RothIRAlimit</strong> series all remove the AGI limit that restricts contributions for tax filers with AGI above price-adjusted thresholds (phase out between $118,000 and $133,000 for singles and between $186,000 and $196,000 for couples in 2017).</p>

<ul>
<li>Beginning in 2020, mandate Roth-IRA plan with automatic enrollment and 3% default investment in Target Date Plan. </li>
<li>60% of MEP participants take default. </li>
<li>Firms with 10 or more workers.</li>
<li>Apply Roth AGI limits.</li>
<li>Use 401k contribution limits.</li>
</ul>"
RothIRALimit2,"<h4>RothIRALimit2</h4>

<p>The <strong>RothIRA</strong> series all model pension reforms that include an employer mandate for firms that do not currently provide pension coverage to workers. These mandated employer plans (MEP) do not include employer contributions and include automatic enrollment. Investments are made in after-tax dollars and paid out tax free. The following scenarios vary the minimum firm size, the default contribution amount, the assumed share of workers that choose the default investment, whether they include auto escalation, and various other provisions including reenrollment, cash-out restrictions, contribution limits, and investment portfolio limits. </p>

<p>The <strong>RothIRAlimit</strong> series all remove the AGI limit that restricts contributions for tax filers with AGI above price-adjusted thresholds (phase out between $118,000 and $133,000 for singles and between $186,000 and $196,000 for couples in 2017).</p>

<ul>
<li>Beginning in 2020, mandate Roth-IRA plan with automatic enrollment and 3% default investment in Target Date Plan. </li>
<li>60% of MEP participants take default. </li>
<li>Firms with 10 or more workers </li>
<li>No Roth AGI limits.</li>
<li>Apply Roth contribution limits.</li>
</ul>"
RothIRALimit2b,"<h4>RothIRALimit2b</h4>

<p>The <strong>RothIRA</strong> series all model pension reforms that include an employer mandate for firms that do not currently provide pension coverage to workers. These mandated employer plans (MEP) do not include employer contributions and include automatic enrollment. Investments are made in after-tax dollars and paid out tax free. The following scenarios vary the minimum firm size, the default contribution amount, the assumed share of workers that choose the default investment, whether they include auto escalation, and various other provisions including reenrollment, cash-out restrictions, contribution limits, and investment portfolio limits. </p>

<p>The <strong>RothIRAlimit</strong> series all remove the AGI limit that restricts contributions for tax filers with AGI above price-adjusted thresholds (phase out between $118,000 and $133,000 for singles and between $186,000 and $196,000 for couples in 2017).</p>

<ul>
<li>Beginning in 2020, mandate Roth-IRA plan with automatic enrollment and 3% default investment in Target Date Plan. </li>
<li>90% of MEP participants take default. </li>
<li>Firms with 10 or more workers </li>
<li>No Roth AGI limits.</li>
<li>Apply Roth contribution limits</li>
</ul>"
RothIRALimit2c,"<h4>RothIRALimit2c</h4>

<p>The <strong>RothIRA</strong> series all model pension reforms that include an employer mandate for firms that do not currently provide pension coverage to workers. These mandated employer plans (MEP) do not include employer contributions and include automatic enrollment. Investments are made in after-tax dollars and paid out tax free. The following scenarios vary the minimum firm size, the default contribution amount, the assumed share of workers that choose the default investment, whether they include auto escalation, and various other provisions including reenrollment, cash-out restrictions, contribution limits, and investment portfolio limits. </p>

<p>The <strong>RothIRAlimit</strong> series all remove the AGI limit that restricts contributions for tax filers with AGI above price-adjusted thresholds (phase out between $118,000 and $133,000 for singles and between $186,000 and $196,000 for couples in 2017).</p>

<ul>
<li>Beginning in 2020, mandate Roth-IRA plan with automatic enrollment and 3% default investment in Target Date Plan. </li>
<li>60% of MEP participants take default. </li>
<li>Firms with 1 or more workers. </li>
<li>No Roth AGI limit.</li>
<li>Apply Roth contribution limits.</li>
</ul>"
RothIRALimit2d,"<h4>RothIRALimit2d</h4>

<p>The <strong>RothIRA</strong> series all model pension reforms that include an employer mandate for firms that do not currently provide pension coverage to workers. These mandated employer plans (MEP) do not include employer contributions and include automatic enrollment. Investments are made in after-tax dollars and paid out tax free. The following scenarios vary the minimum firm size, the default contribution amount, the assumed share of workers that choose the default investment, whether they include auto escalation, and various other provisions including reenrollment, cash-out restrictions, contribution limits, and investment portfolio limits. </p>

<p>The <strong>RothIRAlimit</strong> series all remove the AGI limit that restricts contributions for tax filers with AGI above price-adjusted thresholds (phase out between $118,000 and $133,000 for singles and between $186,000 and $196,000 for couples in 2017).</p>

<ul>
<li>Beginning in 2020, mandate Roth-IRA plan with automatic enrollment and 3% default investment in Target Date Plan. </li>
<li>60% of MEP participants take default. </li>
<li>Firms with 25 or more workers. </li>
<li>No Roth AGI limits.</li>
<li>Apply Roth contribution limits.</li>
</ul>"
RothIRALimit2e,"<h4>RothIRALimit2e</h4>

<p>The <strong>RothIRA</strong> series all model pension reforms that include an employer mandate for firms that do not currently provide pension coverage to workers. These mandated employer plans (MEP) do not include employer contributions and include automatic enrollment. Investments are made in after-tax dollars and paid out tax free. The following scenarios vary the minimum firm size, the default contribution amount, the assumed share of workers that choose the default investment, whether they include auto escalation, and various other provisions including reenrollment, cash-out restrictions, contribution limits, and investment portfolio limits. </p>

<p>The <strong>RothIRAlimit</strong> series all remove the AGI limit that restricts contributions for tax filers with AGI above price-adjusted thresholds (phase out between $118,000 and $133,000 for singles and between $186,000 and $196,000 for couples in 2017).</p>

<ul>
<li>Beginning in 2020, mandate Roth-IRA plan with automatic enrollment and 3% default investment in Target Date Plan. </li>
<li>90% of MEP participants take default. </li>
<li>Firms with 25 or more workers. </li>
<li>No AGI limits.</li>
<li>Apply Roth contribution limits.</li>
</ul>"
RothIRALimit3,"<h4>RothIRALimit3</h4>

<p>The <strong>RothIRA</strong> series all model pension reforms that include an employer mandate for firms that do not currently provide pension coverage to workers. These mandated employer plans (MEP) do not include employer contributions and include automatic enrollment. Investments are made in after-tax dollars and paid out tax free. The following scenarios vary the minimum firm size, the default contribution amount, the assumed share of workers that choose the default investment, whether they include auto escalation, and various other provisions including reenrollment, cash-out restrictions, contribution limits, and investment portfolio limits. </p>

<p>The <strong>RothIRAlimit</strong> series all remove the AGI limit that restricts contributions for tax filers with AGI above price-adjusted thresholds (phase out between $118,000 and $133,000 for singles and between $186,000 and $196,000 for couples in 2017).</p>

<ul>
<li>Beginning in 2020, mandate Roth-IRA plan with automatic enrollment and 5% default investment in Target Date Plan. </li>
<li>60% of MEP participants take default. </li>
<li>Firms with 10 or more workers. </li>
<li>No Roth AGI limits.</li>
<li>Apply Roth contribution limits.</li>
</ul>"
RothIRALimit3b,"<h4>RothIRALimit3b</h4>

<p>The <strong>RothIRA</strong> series all model pension reforms that include an employer mandate for firms that do not currently provide pension coverage to workers. These mandated employer plans (MEP) do not include employer contributions and include automatic enrollment. Investments are made in after-tax dollars and paid out tax free. The following scenarios vary the minimum firm size, the default contribution amount, the assumed share of workers that choose the default investment, whether they include auto escalation, and various other provisions including reenrollment, cash-out restrictions, contribution limits, and investment portfolio limits. </p>

<p>The <strong>RothIRAlimit</strong> series all remove the AGI limit that restricts contributions for tax filers with AGI above price-adjusted thresholds (phase out between $118,000 and $133,000 for singles and between $186,000 and $196,000 for couples in 2017).</p>

<ul>
<li>Beginning in 2020, mandate Roth-IRA plan with automatic enrollment and 5% default investment in Target Date Plan. </li>
<li>90% of MEP participants take default. </li>
<li>Firms with 10 or more workers.  </li>
<li>No Roth AGI limits.</li>
<li>Apply Roth contribution limits.</li>
</ul>"
RothIRALimit4,"<h4>RothIRALimit4</h4>

<p>The <strong>RothIRA</strong> series all model pension reforms that include an employer mandate for firms that do not currently provide pension coverage to workers. These mandated employer plans (MEP) do not include employer contributions and include automatic enrollment. Investments are made in after-tax dollars and paid out tax free. The following scenarios vary the minimum firm size, the default contribution amount, the assumed share of workers that choose the default investment, whether they include auto escalation, and various other provisions including reenrollment, cash-out restrictions, contribution limits, and investment portfolio limits. </p>

<p>The <strong>RothIRAlimit</strong> series all remove the AGI limit that restricts contributions for tax filers with AGI above price-adjusted thresholds (phase out between $118,000 and $133,000 for singles and between $186,000 and $196,000 for couples in 2017).</p>

<ul>
<li>Beginning in 2020, mandate Roth-IRA plan with automatic enrollment and 3% default investment in Target Date Plan escalate to 10%. </li>
<li>60% of MEP participants take default. </li>
<li>Firm with 10 or more workers.  </li>
<li>No Roth AGI limits.</li>
<li>Apply Roth contribution limits.</li>
</ul>"
SAVEopt2,"<h4>SAVEopt2</h4>

<p>The <strong>SaveOpt</strong> series model employer mandates that use 401k plan parameters instead of Roth-IRA parameters. These include 401k contribution limits and no AGI eligibility limits. Contributions are made in pre-tax dollars and taxable at withdrawal.</p>

<ul>
<li>Beginning in 2020, mandate ROTH-401k plan with automatic enrollment and 3% default investment in Target Date Plan.</li>
<li>60% of MEP participants take default.</li>
<li>Firms with 1 or more workers.</li>
<li>No AGI limits.</li>
</ul>"
SaveOpt2b,"<h4>SaveOpt2b</h4>

<p>The <strong>SaveOpt</strong> series model employer mandates that use 401k plan parameters instead of Roth-IRA parameters. These include 401k contribution limits and no AGI eligibility limits. Contributions are made in pre-tax dollars and taxable at withdrawal.</p>

<ul>
<li>Beginning in 2020, mandate ROTH-401k plan with automatic enrollment and 3% default investment in Target Date Plan.</li>
<li>90% of MEP participants take default.</li>
<li>Firms with 1 or more workers.</li>
<li>No AGI limits.</li>
<li>Use 401k contribution limits</li>
</ul>"
SaveOpt2firm10,"<h4>SaveOpt2firm10</h4>

<p>The <strong>SaveOpt</strong> series model employer mandates that use 401k plan parameters instead of Roth-IRA parameters. These include 401k contribution limits and no AGI eligibility limits. Contributions are made in pre-tax dollars and taxable at withdrawal.</p>

<ul>
<li>Beginning in 2020, mandate ROTH-401k plan with automatic enrollment and 3% default investment in Target Date Plan. </li>
<li>60% of MEP participants take default. </li>
<li>Firms with 10 or more workers. </li>
<li>Apply Roth AGI limits. </li>
<li>Use 401k contribution limits.</li>
</ul>"
SaveOpt3,"<h4>SaveOpt3</h4>

<p>The <strong>SaveOpt</strong> series model employer mandates that use 401k plan parameters instead of Roth-IRA parameters. These include 401k contribution limits and no AGI eligibility limits. Contributions are made in pre-tax dollars and taxable at withdrawal.</p>

<ul>
<li>Beginning in 2020, mandate ROTH-401k plan with automatic enrollment and 5% default investment in Target Date Plan. </li>
<li>60% of MEP participants take default.</li>
<li>Firms with 1 or more workers.</li>
<li>No AGI limits.</li>
<li>Use 401k contribution limits.</li>
</ul>"
SAVEopt3b,"<h4>SAVEopt3b</h4>

<p>The <strong>SaveOpt</strong> series model employer mandates that use 401k plan parameters instead of Roth-IRA parameters. These include 401k contribution limits and no AGI eligibility limits. Contributions are made in pre-tax dollars and taxable at withdrawal.</p>

<ul>
<li>Beginning in 2020, mandate ROTH-401k plan with automatic enrollment and 5% default investment in Target Date Plan.</li>
<li>90% of MEP participants take default.</li>
<li>Firms with 1 or more workers</li>
<li>No AGI limits.</li>
<li>Use 401k contribution limits.</li>
</ul>"
SAVEopt4,"
<h4>SAVEopt4</h4>

<p>The <strong>SaveOpt</strong> series model employer mandates that use 401k plan parameters instead of Roth-IRA parameters. These include 401k contribution limits and no AGI eligibility limits. Contributions are made in pre-tax dollars and taxable at withdrawal.</p>

<ul>
<li>Beginning in 2020, mandate ROTH-401k plan with automatic enrollment and 3% default investment escalating by 1 percentage point per year up to 10 percent in Target Date Plan. </li>
<li>60% of MEP participants take default. </li>
<li>Firms with 1 or more workers.</li>
<li>No AGI limits.</li>
<li>Use 401k contribution limits.</li>
</ul>"
SAVEopt4b,"<h4>SAVEopt4b</h4>

<p>The <strong>SaveOpt</strong> series model employer mandates that use 401k plan parameters instead of Roth-IRA parameters. These include 401k contribution limits and no AGI eligibility limits. Contributions are made in pre-tax dollars and taxable at withdrawal.</p>

<ul>
<li>Beginning in 2020, mandate ROTH-401k plan with automatic enrollment and 3% default investment escalating by 1 percentage point per year up to 10 percent in Target Date Plan. </li>
<li>90% of MEP participants take default. </li>
<li>Firms with 1 or more workers.</li>
<li>No AGI limits.</li>
<li>Use 401k contribution limits.</li>
</ul>"
MyRA2,"<h4>MyRA2</h4>
<p>The <strong>RothIRA</strong> series all model pension reforms that include an employer mandate for firms that do not currently provide pension coverage to workers. These mandated employer plans (MEP) do not include employer contributions and include automatic enrollment. Investments are made in after-tax dollars and paid out tax free. The following scenarios vary the minimum firm size, the default contribution amount, the assumed share of workers that choose the default investment, whether they include auto escalation, and various other provisions including reenrollment, cash-out restrictions, contribution limits, and investment portfolio limits. </p>

<p>The <strong>MyRA</strong> series limits investment type to safe, no-fee, long-term treasury bonds (Thrift Plan G-fund). </p>

<ul>
<li>Beginning in 2020, mandate MyRA plan with automatic enrollment </li>
<li>60% of MEP participants take default. </li>
<li>Firms with 1 or more workers.</li>
<li>Apply Roth AGI limits.</li>
<li>100 percent of asset allocation is invested in the Thrift Savings Plan G fund.</li>
</ul>"
MyRA2f,"<h4>MyRA2f (low impact scenario)</h4>
<p>The <strong>RothIRA</strong> series all model pension reforms that include an employer mandate for firms that do not currently provide pension coverage to workers. These mandated employer plans (MEP) do not include employer contributions and include automatic enrollment. Investments are made in after-tax dollars and paid out tax free. The following scenarios vary the minimum firm size, the default contribution amount, the assumed share of workers that choose the default investment, whether they include auto escalation, and various other provisions including reenrollment, cash-out restrictions, contribution limits, and investment portfolio limits. </p>

<p>The <strong>MyRA</strong> series limits investment type to safe, no-fee, long-term treasury bonds (Thrift Plan G-fund). </p>

<ul>
<li>Beginning in 2020, mandate MyRA plan with automatic enrollment </li>
<li>90% of MEP participants take default. </li>
<li>Firms with 25 or more workers.</li>
<li>Include AGI limits.</li>
<li>100 percent of asset allocation is invested in the Thrift Savings Plan G fund.</li>
</ul>
"
